城市,代码,链接
鞍山,601,//www.zhaopin.com/anshan/
安顺,825,//www.zhaopin.com/anshun/
安阳,723,//www.zhaopin.com/anyang/
安康,862,//www.zhaopin.com/ankang/
安庆,671,//www.zhaopin.com/anqing/
阿坝,819,//www.zhaopin.com/aba/
阿克苏,897,//www.zhaopin.com/akesu/
阿拉尔,10176,//www.zhaopin.com/alaer/
阿拉善盟,598,//www.zhaopin.com/alashan/
阿勒泰,903,//www.zhaopin.com/aletai/
阿里,852,//www.zhaopin.com/ali/
安达,10081,//www.zhaopin.com/anda/
澳门,562,//jobs.zhaopin.com/macao/
阿尔及利亚,918,//sou.zhaopin.com/Jobs/searchresult.ashx?jl=918&sm=0&p=1&sf=0
阿根廷,481,//sou.zhaopin.com/Jobs/searchresult.ashx?jl=481&sm=0&p=1&sf=0
阿联酋,526,//sou.zhaopin.com/Jobs/searchresult.ashx?jl=526&sm=0&p=1&sf=0
埃及,493,//sou.zhaopin.com/Jobs/searchresult.ashx?jl=493&sm=0&p=1&sf=0
爱尔兰,502,//sou.zhaopin.com/Jobs/searchresult.ashx?jl=502&sm=0&p=1&sf=0
安哥拉,913,//sou.zhaopin.com/Jobs/searchresult.ashx?jl=913&sm=0&p=1&sf=0
奥地利,483,//sou.zhaopin.com/Jobs/searchresult.ashx?jl=483&sm=0&p=1&sf=0
澳大利亚,482,//sou.zhaopin.com/Jobs/searchresult.ashx?jl=482&sm=0&p=1&sf=0
北京,530,//www.zhaopin.com/beijing/
包头,588,//www.zhaopin.com/baotou/
宝鸡,856,//www.zhaopin.com/baoji/
保定,570,//www.zhaopin.com/baoding/
滨州,717,//www.zhaopin.com/binzhou/
亳州,678,//www.zhaopin.com/bozhou/
蚌埠,666,//www.zhaopin.com/bengbu/
北海,789,//www.zhaopin.com/beihai/
白银,867,//www.zhaopin.com/baiyin/
白城,620,//www.zhaopin.com/baicheng/
白山,618,//www.zhaopin.com/baishan/
毕节,828,//www.zhaopin.com/bijie/
巴中,817,//www.zhaopin.com/bazhong/
巴彦淖尔,597,//www.zhaopin.com/bayannaoer/
巴音郭楞,896,//www.zhaopin.com/bayinguoleng/
白沙,10194,//jobs.zhaopin.com/baishalizuzizhi/
百色,794,//www.zhaopin.com/baise/
保山,834,//www.zhaopin.com/baoshan/
保亭,10193,//jobs.zhaopin.com/baotinglizumiaozuzizhi/
本溪,603,//www.zhaopin.com/benxi/
博尔塔拉,895,//www.zhaopin.com/boertala/
北屯区,932,//www.zhaopin.com/beitunqu/
巴基斯坦,513,//sou.zhaopin.com/?jl=513&sm=0&p=1&sf=0
巴西,486,sou.zhaopin.com/?jl=486&sm=0&p=1&sf=0
白俄罗斯,484,//sou.zhaopin.com/?jl=484&sm=0&p=1&sf=0
保加利亚,487,//sou.zhaopin.com/?jl=487&sm=0&p=1&sf=0
比利时,485,//sou.zhaopin.com/?jl=485&sm=0&p=1&sf=0
冰岛,499,//sou.zhaopin.com/?jl=499&sm=0&p=1&sf=0
波兰,514,//sou.zhaopin.com/?jl=514&sm=0&p=1&sf=0
重庆,551,//www.zhaopin.com/chongqing/
成都,801,//www.zhaopin.com/chengdu/
长春,613,//www.zhaopin.com/changchun/
长株潭,749,//www.zhaopin.com/changzhutan/
长沙,749,//www.zhaopin.com/changzhutan/
沧州,573,//www.zhaopin.com/cangzhou/
常熟,650,//www.zhaopin.com/changshu/
常德,755,//www.zhaopin.com/changde/
常州,638,//www.zhaopin.com/changzhou/
滁州,673,//www.zhaopin.com/chuzhou/
承德,572,//www.zhaopin.com/chengde/
郴州,758,//www.zhaopin.com/chenzhou/
潮州,781,//www.zhaopin.com/chaozhou/
长治,579,//www.zhaopin.com/changzhi/
赤峰,590,//www.zhaopin.com/chifeng/
池州,679,//www.zhaopin.com/chizhou/
昌都,848,//www.zhaopin.com/changdu/
昌吉,894,//www.zhaopin.com/changji/
昌江,10195,//jobs.zhaopin.com/changjianglizuzizhi/
昌图,10080,//www.zhaopin.com/changtu/
长葛,10137,//jobs.zhaopin.com/xuchang_re3406/
巢湖,676,//jobs.zhaopin.com/chaohu/
朝阳,611,//www.zhaopin.com/chaoyang/
城阳,2159,//www.zhaopin.com/chengyang/
澄迈,10190,//jobs.zhaopin.com/chengmai/
崇左,905,//www.zhaopin.com/chongzuo/
楚雄,836,//www.zhaopin.com/chuxiong/
慈溪,10086,//jobs.zhaopin.com/ningbo_re3370/
大连,600,//www.zhaopin.com/dalian/
东莞,779,//www.zhaopin.com/dongguan/
大庆,627,//www.zhaopin.com/daqing/
丹东,604,//www.zhaopin.com/dandong/
德阳,805,//www.zhaopin.com/deyang/
德州,715,//www.zhaopin.com/dezhou/
东营,706,//www.zhaopin.com/dongying/
大同,577,//www.zhaopin.com/datong/
大理,841,//www.zhaopin.com/dali/
达州,815,//www.zhaopin.com/dazhou/
大兴安岭,634,//www.zhaopin.com/daxinganling/
丹阳,10114,//jobs.zhaopin.com/zhenjiang_re3392/
儋州,10183,//www.zhaopin.com/danzhou/
德宏,842,//www.zhaopin.com/dehong/
德清,10151,//jobs.zhaopin.com/huzhou_re3388/
迪庆,845,//www.zhaopin.com/diqing/
定安,10188,//jobs.zhaopin.com/anding/
定西,874,//www.zhaopin.com/dingxi/
东方,10187,//jobs.zhaopin.com/dongfang/
东阳,10056,//jobs.zhaopin.com/jinhua_re3377/
东港,931,//www.zhaopin.com/donggang/
丹麦,492,//sou.zhaopin.com/?jl=492&sm=0&p=1&sf=0
德国,496,//sou.zhaopin.com/?jl=496&sm=0&p=1&sf=0
鄂尔多斯,592,//www.zhaopin.com/eerduosi/
鄂州,741,//www.zhaopin.com/ezhou/
恩施,748,//www.zhaopin.com/enshi/
峨眉,10065,//www.zhaopin.com/emei/
俄罗斯联邦,516,//sou.zhaopin.com/Jobs/searchresult.ashx?jl=516&sm=0&p=1&sf=0
佛山,768,//www.zhaopin.com/foshan/
福州,681,//www.zhaopin.com/fuzhou/
抚顺,602,//www.zhaopin.com/fushun/
阜阳,674,//www.zhaopin.com/fuyang/
抚州,700,//www.zhaopin.com/fu3zhou/
方家山,10158,//jobs.zhaopin.com/fangjiashan/
防城港,790,//www.zhaopin.com/fangchenggang/
肥城,10099,//jobs.zhaopin.com/taian_re3369/
凤阳,10069,//jobs.zhaopin.com/fengyang/
福安,10020,//jobs.zhaopin.com/ningde_re3401/
阜新,607,//www.zhaopin.com/fuxin/
法国,495,//sou.zhaopin.com/Jobs/searchresult.ashx?jl=495&sm=0&p=1&sf=0
芬兰,494,//sou.zhaopin.com/Jobs/searchresult.ashx?jl=494&sm=0&p=1&sf=0
广州,763,//www.zhaopin.com/guangzhou/
赣州,697,//www.zhaopin.com/ganzhou/
广西,549,//www.zhaopin.com/guangxi/
贵阳,822,//www.zhaopin.com/guiyang/
甘肃,557,//www.zhaopin.com/gansu/
桂林,787,//www.zhaopin.com/guilin/
广元,807,//www.zhaopin.com/guangyuan/
广安,814,//www.zhaopin.com/guangan/
甘南,877,//www.zhaopin.com/gannan/
甘孜,820,//www.zhaopin.com/ganzi/
高邮,10126,//jobs.zhaopin.com/yangzhou_re3396/
公安,10057,//www.zhaopin.com/gongan/
公主岭,10122,//www.zhaopin.com/gongzhuling/
固安,10142,//jobs.zhaopin.com/guan/
固原,889,//www.zhaopin.com/guyuan/
广德,10181,//jobs.zhaopin.com/guangde/
贵港,792,//www.zhaopin.com/guigang/
果洛,883,//www.zhaopin.com/guoluo/
哈尔滨,622,//www.zhaopin.com/haerbin/
海口,799,//www.zhaopin.com/haikou/
邯郸,568,//www.zhaopin.com/handan/
杭州,653,//www.zhaopin.com/hangzhou/
合肥,664,//www.zhaopin.com/hefei/
衡阳,752,//www.zhaopin.com/hengyang/
衡水,575,//www.zhaopin.com/hengshui/
呼和浩特,587,//www.zhaopin.com/huhehaote/
湖州,657,//www.zhaopin.com/huzhou/
淮安,643,//www.zhaopin.com/huaian/
菏泽,718,//www.zhaopin.com/heze/
淮北,669,//www.zhaopin.com/huaibei/
汉中,860,//www.zhaopin.com/hanzhong/
呼伦贝尔,593,//www.zhaopin.com/hulunbeier/
葫芦岛,612,//www.zhaopin.com/huludao/
惠州,773,//www.zhaopin.com/huizhou/
珲春,10198,//www.zhaopin.com/hunchun/
鹤壁,724,//www.zhaopin.com/hebi/
淮南,667,//www.zhaopin.com/huainan/
黄冈,745,//www.zhaopin.com/huanggang/
怀化,760,//www.zhaopin.com/huaihua/
黄石,737,//www.zhaopin.com/huangshi/
黄山,672,//www.zhaopin.com/huangshan/
河源,776,//www.zhaopin.com/heyuan/
黑河,632,//www.zhaopin.com/heihe/
哈密,893,//www.zhaopin.com/hami/
海北,880,//www.zhaopin.com/haibei/
海城,10070,//www.zhaopin.com/haicheng/
海东,879,//www.zhaopin.com/haidong/
海南州,882,//www.zhaopin.com/hainan/
海宁,10133,//jobs.zhaopin.com/jiaxing_re3382/
海西,885,//www.zhaopin.com/haixi/
海阳,2556,//www.zhaopin.com/haiyang/
和顺,10082,//jobs.zhaopin.com/heshun/
和田,900,//www.zhaopin.com/hetian/
河池,796,//www.zhaopin.com/hechi/
贺州,795,//www.zhaopin.com/hezhou/
鹤岗,625,//www.zhaopin.com/hegang/
鹤山,10138,//jobs.zhaopin.com/jiangmen_re3214/
红河,837,//www.zhaopin.com/honghe/
黄岛,2157,//www.zhaopin.com/huangdao/
黄南,881,//www.zhaopin.com/huangnan/
韩国,506,//sou.zhaopin.com/Jobs/searchresult.ashx?jl=506&sm=0&p=1&sf=0
荷兰,509,//sou.zhaopin.com/Jobs/searchresult.ashx?jl=509&sm=0&p=1&sf=0
济南,702,//www.zhaopin.com/jinan/
吉林,614,//www.zhaopin.com/jilin/
济宁,709,//www.zhaopin.com/jining/
嘉兴,656,//www.zhaopin.com/jiaxing/
江门,769,//www.zhaopin.com/jiangmen/
江阴,2512,//www.zhaopin.com/jiangyin/
金华,659,//www.zhaopin.com/jinhua/
荆州,744,//www.zhaopin.com/jingzhou/
九江,694,//www.zhaopin.com/jiujiang/
焦作,726,//www.zhaopin.com/jiaozuo/
揭阳,782,//www.zhaopin.com/jieyang/
佳木斯,629,//www.zhaopin.com/jiamusi/
锦州,605,//www.zhaopin.com/jinzhou/
晋中,582,//www.zhaopin.com/jinzhong/
晋城,580,//www.zhaopin.com/jincheng/
吉安,698,//www.zhaopin.com/jian/
景德镇,692,//www.zhaopin.com/jingdezhen/
济源,10044,//www.zhaopin.com/jiyuan/
吉首市,404001,//www.zhaopin.com/jishoushi/
鸡西,624,//www.zhaopin.com/jixi/
即墨,2161,//www.zhaopin.com/jimo/
嘉善,10067,//jobs.zhaopin.com/jiaxing_re3380/
嘉峪关,865,//www.zhaopin.com/jiayuguan/
简阳,10201,//www.zhaopin.com/jianyang/
胶南,2163,//www.zhaopin.com/jiaonan/
胶州,2160,//www.zhaopin.com/jiaozhou/
金昌,866,//www.zhaopin.com/jinchang/
金湖,10175,//jobs.zhaopin.com/huaian_re3086/
晋江,10148,//jobs.zhaopin.com/quanzhou_re3101/
荆门,742,//www.zhaopin.com/jingmen/
靖江,649,//jobs.zhaopin.com/tai4zhou_re3390/
酒泉,872,//www.zhaopin.com/jiuquan/
句容,10028,//jobs.zhaopin.com/zhenjiang_re3391/
加拿大,488,//sou.zhaopin.com/Jobs/searchresult.ashx?jl=488&sm=0&p=1&sf=0
加纳,914,//sou.zhaopin.com/Jobs/searchresult.ashx?jl=914&sm=0&p=1&sf=0
捷克,491,//sou.zhaopin.com/Jobs/searchresult.ashx?jl=491&sm=0&p=1&sf=0
柬埔寨,930,//sou.zhaopin.com/jobs/searchresult.ashx?jl=柬埔寨&sm=0&p=1
开封,720,//www.zhaopin.com/kaifeng/
昆明,831,//www.zhaopin.com/kunming/
昆山,640,//www.zhaopin.com/kunshan/
开平,10118,//www.zhaopin.com/kaiping/
喀什,899,//www.zhaopin.com/keshen/
开原,10144,//www.zhaopin.com/kaiyuan/
克拉玛依,891,//www.zhaopin.com/kelamayi/
克孜勒苏,898,//www.zhaopin.com/kezilesukeerkezi/
奎屯市,10164,//www.zhaopin.com/kuitunshi/
科威特,507,//sou.zhaopin.com/Jobs/searchresult.ashx?jl=507&sm=0&p=1&sf=0
兰州,864,//www.zhaopin.com/lanzhou/
廊坊,574,//www.zhaopin.com/langfang/
连云港,642,//www.zhaopin.com/lianyungang/
聊城,716,//www.zhaopin.com/liaocheng/
临沂,714,//www.zhaopin.com/linyi/
柳州,786,//www.zhaopin.com/liuzhou/
洛阳,721,//www.zhaopin.com/luoyang/
漯河,729,//www.zhaopin.com/luohe/
拉萨,847,//www.zhaopin.com/lasa/
六盘水,823,//www.zhaopin.com/liupanshui/
莱芜,713,//www.zhaopin.com/laiwu/
乐山,810,//www.zhaopin.com/leshan/
辽阳,608,//www.zhaopin.com/liaoyang/
临汾,585,//www.zhaopin.com/linfen/
龙岩,689,//www.zhaopin.com/longyan/
丽水,663,//www.zhaopin.com/lishui/
六安,677,//www.zhaopin.com/liuan/
吕梁,586,//www.zhaopin.com/lvliang/
辽源,616,//www.zhaopin.com/liaoyuan/
娄底,761,//www.zhaopin.com/loudi/
泸州,804,//www.zhaopin.com/luzhou/
来宾,904,//www.zhaopin.com/laibin/
莱西,2164,//www.zhaopin.com/laixi/
乐东,10196,//jobs.zhaopin.com/ledonglizuzizhi/
乐清,10089,//jobs.zhaopin.com/wenzhou_re3383/
丽江,843,//www.zhaopin.com/lijiang/
溧阳,10150,//jobs.zhaopin.com/changzhou_re3042/
凉山,821,//www.zhaopin.com/liangshan/
林芝,853,//www.zhaopin.com/linzhi/
临沧,846,//www.zhaopin.com/lincang/
临高,10191,//jobs.zhaopin.com/lingao/
临夏,876,//www.zhaopin.com/linxia/
陵水,10197,//jobs.zhaopin.com/lingshuilizuzizhi/
龙川,10120,//jobs.zhaopin.com/heyuan_re3405/
龙泉,10180,//jobs.zhaopin.com/lishui_re3389/
陇南,875,//www.zhaopin.com/longnan/
马鞍山,668,//www.zhaopin.com/maanshan/
绵阳,806,//www.zhaopin.com/mianyang/
牡丹江,631,//www.zhaopin.com/mudanjiang/
梅州,774,//www.zhaopin.com/meizhou/
茂名,771,//www.zhaopin.com/maoming/
蒙自市,,//www.zhaopin.com/mengzishi/
满洲里,10157,//www.zhaopin.com/manzhouli/
眉山,812,//www.zhaopin.com/meishan/
马来西亚,508,//sou.zhaopin.com/Jobs/searchresult.ashx?jl=508&sm=0&p=1&sf=0
美国,528,//sou.zhaopin.com/Jobs/searchresult.ashx?jl=528&sm=0&p=1&sf=0
南京,635,//www.zhaopin.com/nanjing/
南昌,691,//www.zhaopin.com/nanchang/
南充,811,//www.zhaopin.com/nanchong/
南宁,785,//www.zhaopin.com/nanning/
南阳,731,//www.zhaopin.com/nanyang/
南通,641,//www.zhaopin.com/nantong/
宁波,654,//www.zhaopin.com/ningbo/
宁夏,559,//www.zhaopin.com/ningxia/
南平,688,//www.zhaopin.com/nanping/
宁德,690,//www.zhaopin.com/ningde/
内江,809,//www.zhaopin.com/neijiang/
那曲,851,//www.zhaopin.com/naqu/
南沙区,2054,//jobs.zhaopin.com/guangzhou_re2054/
宁海,10134,//jobs.zhaopin.com/ningbo_re3372/
怒江,844,//www.zhaopin.com/nujiang/
南非,519,//sou.zhaopin.com/Jobs/searchresult.ashx?jl=519&sm=0&p=1&sf=0
尼日利亚,915,//sou.zhaopin.com/Jobs/searchresult.ashx?jl=915&sm=0&p=1&sf=0
挪威,511,//sou.zhaopin.com/Jobs/searchresult.ashx?jl=511&sm=0&p=1&sf=0
平顶山,722,//www.zhaopin.com/pingdingshan/
莆田,683,//www.zhaopin.com/putian/
濮阳,727,//www.zhaopin.com/puyang/
盘锦,609,//www.zhaopin.com/panjin/
普宁,3404,//www.zhaopin.com/puning/
萍乡,693,//www.zhaopin.com/pingxiang/
攀枝花,803,//www.zhaopin.com/panzhihua/
平度,2162,//www.zhaopin.com/pingdu/
平湖,10052,//jobs.zhaopin.com/jiaxing_re3379/
平凉,871,//www.zhaopin.com/pingliang/
普洱,10163,//www.zhaopin.com/puer/
葡萄牙,515,//sou.zhaopin.com/Jobs/searchresult.ashx?jl=515&sm=0&p=1&sf=0
青岛,703,//www.zhaopin.com/qingdao/
秦皇岛,567,//www.zhaopin.com/qinhuangdao/
青海,558,//www.zhaopin.com/qinghai/
清远,778,//www.zhaopin.com/qingyuan/
泉州,685,//www.zhaopin.com/quanzhou/
齐齐哈尔,623,//www.zhaopin.com/qiqihaer/
曲靖,832,//www.zhaopin.com/qujing/
衢州,660,//www.zhaopin.com/quzhou/
黔西南,827,//www.zhaopin.com/qianxinan/
七台河,630,//www.zhaopin.com/qitaihe/
启东,10136,//jobs.zhaopin.com/nantong_re3395/
潜江,10169,//www.zhaopin.com/qianjiang/
黔东南,829,//www.zhaopin.com/qiandongnan/
黔南,830,//www.zhaopin.com/qiannan/
钦州,791,//www.zhaopin.com/qinzhou/
庆阳,873,//www.zhaopin.com/qingyang/
琼海,10153,//www.zhaopin.com/qionghai/
琼中,10192,//jobs.zhaopin.com/qiongzhonglizumiaozuzizhi/
泉港区,686,//jobs.zhaopin.com/quanzhou_re3400/
其他国家,512,//sou.zhaopin.com/Jobs/searchresult.ashx?jl=512&sm=0&p=1&sf=0
日照,712,//www.zhaopin.com/rizhao/
日喀则,850,//www.zhaopin.com/rikeze/
荣成,912,//jobs.zhaopin.com/weihai_re3368/
如皋,10051,//jobs.zhaopin.com/nantong_re3394/
乳山,10060,//jobs.zhaopin.com/weihai_re3367/
瑞安,10128,//jobs.zhaopin.com/wenzhou_re3385/
日本,505,//sou.zhaopin.com/Jobs/searchresult.ashx?jl=505&sm=0&p=1&sf=0
瑞典,521,//sou.zhaopin.com/Jobs/searchresult.ashx?jl=521&sm=0&p=1&sf=0
瑞士,522,//sou.zhaopin.com/Jobs/searchresult.ashx?jl=522&sm=0&p=1&sf=0
上海,538,//www.zhaopin.com/shanghai/
深圳,765,//www.zhaopin.com/shenzhen/
沈阳,599,//www.zhaopin.com/shenyang/
石家庄,565,//www.zhaopin.com/shijiazhuang/
三亚,800,//www.zhaopin.com/sanya/
汕头,767,//www.zhaopin.com/shantou/
商丘,732,//www.zhaopin.com/shangqiu/
绍兴,658,//www.zhaopin.com/shaoxing/
四平,615,//www.zhaopin.com/siping/
苏州,639,//www.zhaopin.com/suzhou/
宿迁,648,//www.zhaopin.com/suqian/
宿州,675,//www.zhaopin.com/su4zhou/
随州,747,//www.zhaopin.com/suizhou/
上饶,701,//www.zhaopin.com/shangrao/
邵阳,753,//www.zhaopin.com/shaoyang/
十堰,738,//www.zhaopin.com/shiyan/
三门峡,730,//www.zhaopin.com/sanmenxia/
商洛,863,//www.zhaopin.com/shangluo/
松原,619,//www.zhaopin.com/songyuan/
遂宁,808,//www.zhaopin.com/suining/
韶关,764,//www.zhaopin.com/shaoguan/
三明,684,//www.zhaopin.com/sanming/
绥化,633,//www.zhaopin.com/suihua/
汕尾,775,//www.zhaopin.com/shanwei/
三河,10170,//jobs.zhaopin.com/sanhe/
三门,10145,//jobs.zhaopin.com/taizhou_re3375/
山南,849,//www.zhaopin.com/shannan/
上虞,10130,//jobs.zhaopin.com/shaoxing_re3386/
尚志,10160,//www.zhaopin.com/shangzhi/
神农架,10179,//www.zhaopin.com/shennongjia/
石河子,10061,//www.zhaopin.com/shihezi/
石嘴山,887,//www.zhaopin.com/shizuishan/
双城,10159,//www.zhaopin.com/shuangcheng/
双鸭山,626,//www.zhaopin.com/shuangyashan/
朔州,581,//www.zhaopin.com/shuozhou/
思茅,839,//jobs.zhaopin.com/puer_re3402/
宿松,10182,//jobs.zhaopin.com/susong/
绥芬河,10161,//www.zhaopin.com/suifenhe/
塞内加尔,919,//sou.zhaopin.com/Jobs/searchresult.ashx?jl=919&sm=0&p=1&sf=0
塞浦路斯,490,//sou.zhaopin.com/Jobs/searchresult.ashx?jl=490&sm=0&p=1&sf=0
沙特阿拉伯,517,//sou.zhaopin.com/Jobs/searchresult.ashx?jl=517&sm=0&p=1&sf=0
天津,531,//www.zhaopin.com/tianjin/
台州,662,//www.zhaopin.com/taizhou/
太原,576,//www.zhaopin.com/taiyuan/
泰安,710,//www.zhaopin.com/taian/
泰州,647,//www.zhaopin.com/tzhou/
唐山,566,//www.zhaopin.com/tangshan/
铁岭,610,//www.zhaopin.com/tieling/
铜川,855,//www.zhaopin.com/tongchuan/
通辽,591,//www.zhaopin.com/tongliao/
通化,617,//www.zhaopin.com/tonghua/
铜陵,670,//www.zhaopin.com/tongling/
天水,868,//www.zhaopin.com/tianshui/
铜仁,826,//www.zhaopin.com/tongren/
塔城,902,//www.zhaopin.com/tacheng/
台山,10112,//jobs.zhaopin.com/jiangmen_re3403/
太仓市,911,//www.zhaopin.com/taicang/
泰兴,10149,//jobs.zhaopin.com/tai4zhou_re3397/
天门,10140,//www.zhaopin.com/tianmen/
通州,10155,//jobs.zhaopin.com/nantong_re3399/
桐乡,10127,//jobs.zhaopin.com/jiaxing_re3381/
图木舒克,10177,//www.zhaopin.com/tumushuke/
吐鲁番,892,//www.zhaopin.com/tulufan/
屯昌,10189,//jobs.zhaopin.com/tunchang/
台湾省,563,//jobs.zhaopin.com/taiwan/
泰国,523,//sou.zhaopin.com/Jobs/searchresult.ashx?jl=523&sm=0&p=1&sf=0
坦桑尼亚,916,//sou.zhaopin.com/Jobs/searchresult.ashx?jl=916&sm=0&p=1&sf=0
土耳其,524,//sou.zhaopin.com/Jobs/searchresult.ashx?jl=524&sm=0&p=1&sf=0
武汉,736,//www.zhaopin.com/wuhan/
威海,711,//www.zhaopin.com/weihai/
潍坊,708,//www.zhaopin.com/weifang/
温州,655,//www.zhaopin.com/wenzhou/
乌鲁木齐,890,//www.zhaopin.com/wulumuqi/
无锡,636,//www.zhaopin.com/wuxi/
芜湖,665,//www.zhaopin.com/wuhu/
渭南,858,//www.zhaopin.com/weinan/
万宁,10186,//jobs.zhaopin.com/wanning/
温岭,10129,//jobs.zhaopin.com/taizhou_re3129/
文昌,10185,//www.zhaopin.com/wenchang/
文山,838,//www.zhaopin.com/wenshan/
乌海,589,//www.zhaopin.com/wuhai/
乌兰察布,596,//www.zhaopin.com/wulanchabu/
乌审旗,10031,//www.zhaopin.com/wushenqi/
乌苏,10166,//www.zhaopin.com/wusu/
吴忠,888,//www.zhaopin.com/wuzhong/
梧州,788,//www.zhaopin.com/wuzhou/
五家渠,10178,//www.zhaopin.com/wujiaqu/
五指山,10184,//jobs.zhaopin.com/wuzhishan/
武威,869,//www.zhaopin.com/wuwei/
武穴,10139,//www.zhaopin.com/wuxue/
乌干达,917,//sou.zhaopin.com/Jobs/searchresult.ashx?jl=917&sm=0&p=1&sf=0
乌克兰,525,//sou.zhaopin.com/Jobs/searchresult.ashx?jl=525&sm=0&p=1&sf=0
西安,854,//www.zhaopin.com/xian/
西藏,555,//www.zhaopin.com/xizang/
厦门,682,//www.zhaopin.com/xiamen/
咸阳,857,//www.zhaopin.com/xianyang/
襄阳,740,//www.zhaopin.com/xiangyang/
新乡,725,//www.zhaopin.com/xinxiang/
徐州,637,//www.zhaopin.com/xuzhou/
许昌,728,//www.zhaopin.com/xuchang/
信阳,733,//www.zhaopin.com/xinyang/
邢台,569,//www.zhaopin.com/xingtai/
新疆,560,//www.zhaopin.com/xinjiang/
新余,695,//www.zhaopin.com/xinyu/
孝感,743,//www.zhaopin.com/xiaogan/
宣城,680,//www.zhaopin.com/xuancheng/
咸宁,746,//www.zhaopin.com/xianning/
西宁,878,//www.zhaopin.com/xining/
西昌,10104,//www.zhaopin.com/xichang/
西平,10059,//www.zhaopin.com/xiping/
西双版纳,840,//www.zhaopin.com/xishuangbanna/
锡林郭勒盟,595,//www.zhaopin.com/xilinguole/
仙桃,10168,//www.zhaopin.com/xiantao/
香河,10167,//jobs.zhaopin.com/xianghe/
湘潭,751,//www.zhaopin.com/changzhutan/
湘西,762,//www.zhaopin.com/xiangxi/
象山,10154,//jobs.zhaopin.com/ningbo_re3373/
忻州,584,//www.zhaopin.com/xinzhou/
兴安盟,594,//www.zhaopin.com/xingan/
兴城,10023,//www.zhaopin.com/xingcheng/
兴平,10058,//www.zhaopin.com/xingping/
盱眙,10152,//jobs.zhaopin.com/huaian_re3398/
西咸新区,933,//www.zhaopin.com/xixianxinqu/
香港,561,//jobs.zhaopin.com/hongkong/
西班牙,520,//sou.zhaopin.com/Jobs/searchresult.ashx?jl=520&sm=0&p=1&sf=0
希腊,497,//sou.zhaopin.com/Jobs/searchresult.ashx?jl=497&sm=0&p=1&sf=0
新加坡,518,//sou.zhaopin.com/Jobs/searchresult.ashx?jl=518&sm=0&p=1&sf=0
新西兰,510,//sou.zhaopin.com/Jobs/searchresult.ashx?jl=510&sm=0&p=1&sf=0
匈牙利,498,//sou.zhaopin.com/Jobs/searchresult.ashx?jl=498&sm=0&p=1&sf=0
烟台,707,//www.zhaopin.com/yantai/
盐城,644,//www.zhaopin.com/yancheng/
扬州,645,//www.zhaopin.com/yangzhou/
宜昌,739,//www.zhaopin.com/yichang/
义乌,3376,//www.zhaopin.com/yiwu/
营口,606,//www.zhaopin.com/yingkou/
榆林,861,//www.zhaopin.com/yulin/
玉林,793,//www.zhaopin.com/yu4lin/
运城,583,//www.zhaopin.com/yuncheng/
宜兴,2513,//www.zhaopin.com/yixing/
岳阳,754,//www.zhaopin.com/yueyang/
宜宾,813,//www.zhaopin.com/yibin/
延安,859,//www.zhaopin.com/yanan/
延边,621,//www.zhaopin.com/yanbian/
玉溪,833,//www.zhaopin.com/yuxi/
阳江,777,//www.zhaopin.com/yangjiang/
益阳,757,//www.zhaopin.com/yiyang/
宜春,699,//www.zhaopin.com/yichun/
银川,886,//www.zhaopin.com/yinchuan/
阳泉,578,//www.zhaopin.com/yangquan/
永州,759,//www.zhaopin.com/yongzhou/
云浮,783,//www.zhaopin.com/yunfu/
鹰潭,696,//www.zhaopin.com/yingtan/
雅安,816,//www.zhaopin.com/yaan/
兖州,10116,//jobs.zhaopin.com/jining_re3366/
燕郊开发区,10050,//jobs.zhaopin.com/yanjiao/
扬中,10124,//jobs.zhaopin.com/zhenjiang_re3393/
杨凌,10470,//www.zhaopin.com/yangling/
洋浦市/洋浦经济开发区,907,//jobs.zhaopin.com/yangpu/
伊春,628,//www.zhaopin.com/yi1chun/
伊犁,901,//www.zhaopin.com/yili/
宜城,10171,//www.zhaopin.com/yicheng/
永济市,910,//www.zhaopin.com/yongji/
永嘉,10091,//jobs.zhaopin.com/wenzhou_re3384/
永康,10055,//jobs.zhaopin.com/jinhua_re3378/
余姚,10085,//jobs.zhaopin.com/ningbo_re3371/
玉环县,909,//jobs.zhaopin.com/taizhou_re3374/
玉树,884,//www.zhaopin.com/yushu/
以色列,503,//sou.zhaopin.com/Jobs/searchresult.ashx?jl=503&sm=0&p=1&sf=0
意大利,504,//sou.zhaopin.com/Jobs/searchresult.ashx?jl=504&sm=0&p=1&sf=0
印度,500,//sou.zhaopin.com/Jobs/searchresult.ashx?jl=500&sm=0&p=1&sf=0
印度尼西亚,501,//sou.zhaopin.com/Jobs/searchresult.ashx?jl=501&sm=0&p=1&sf=0
英国,527,//sou.zhaopin.com/Jobs/searchresult.ashx?jl=527&sm=0&p=1&sf=0
越南,529,//sou.zhaopin.com/Jobs/searchresult.ashx?jl=529&sm=0&p=1&sf=0
郑州,719,//www.zhaopin.com/zhengzhou/
枣庄,705,//www.zhaopin.com/zaozhuang/
湛江,770,//www.zhaopin.com/zhanjiang/
张家港,652,//www.zhaopin.com/zhangjiagang/
张家口,571,//www.zhaopin.com/zhangjiakou/
漳州,687,//www.zhaopin.com/zhangzhou/
肇庆,772,//www.zhaopin.com/zhaoqing/
镇江,646,//www.zhaopin.com/zhenjiang/
中山,780,//www.zhaopin.com/zhongshan/
珠海,766,//www.zhaopin.com/zhuhai/
株洲,750,//www.zhaopin.com/changzhutan/
淄博,704,//www.zhaopin.com/zibo/
遵义,824,//www.zhaopin.com/zunyi/
驻马店,735,//www.zhaopin.com/zhumadian/
周口,734,//www.zhaopin.com/zhoukou/
自贡,802,//www.zhaopin.com/zigong/
舟山,661,//www.zhaopin.com/zhoushan/
张掖,870,//www.zhaopin.com/zhangye/
张家界,756,//www.zhaopin.com/zhangjiajie/
昭通,835,//www.zhaopin.com/zhaotong/
肇东市,10510,//www.zhaopin.com/zhaodongshi/
中卫,906,//www.zhaopin.com/zhongwei/
诸暨,10131,//jobs.zhaopin.com/shaoxing_re3387/
资阳,818,//www.zhaopin.com/ziyang/
遵化,10143,//www.zhaopin.com/zunhua/
